sample_id	cram	crai	population
HG00119	https://ftp.sra.ebi.ac.uk/vol1/run/ERR324/ERR3240194/HG00119.final.cram	https://ftp.sra.ebi.ac.uk/vol1/run/ERR324/ERR3240194/HG00119.final.cram.crai	GBR
HG00138	https://ftp.sra.ebi.ac.uk/vol1/run/ERR324/ERR3240144/HG00138.final.cram	https://ftp.sra.ebi.ac.uk/vol1/run/ERR324/ERR3240144/HG00138.final.cram.crai	GBR
HG00267	https://ftp.sra.ebi.ac.uk/vol1/run/ERR324/ERR3240224/HG00267.final.cram	https://ftp.sra.ebi.ac.uk/vol1/run/ERR324/ERR3240224/HG00267.final.cram.crai	FIN
HG00360	https://ftp.sra.ebi.ac.uk/vol1/run/ERR324/ERR3240261/HG00360.final.cram	https://ftp.sra.ebi.ac.uk/vol1/run/ERR324/ERR3240261/HG00360.final.cram.crai	FIN
HG00592	https://ftp.sra.ebi.ac.uk/vol1/run/ERR324/ERR3241709/HG00592.final.cram	https://ftp.sra.ebi.ac.uk/vol1/run/ERR324/ERR3241709/HG00592.final.cram.crai	CHS
HG00740	https://ftp.sra.ebi.ac.uk/vol1/run/ERR324/ERR3241759/HG00740.final.cram	https://ftp.sra.ebi.ac.uk/vol1/run/ERR324/ERR3241759/HG00740.final.cram.crai	PUR
HG01048	https://ftp.sra.ebi.ac.uk/vol1/run/ERR324/ERR3241761/HG01048.final.cram	https://ftp.sra.ebi.ac.uk/vol1/run/ERR324/ERR3241761/HG01048.final.cram.crai	PUR
HG01080	https://ftp.sra.ebi.ac.uk/vol1/run/ERR324/ERR3241768/HG01080.final.cram	https://ftp.sra.ebi.ac.uk/vol1/run/ERR324/ERR3241768/HG01080.final.cram.crai	PUR
HG01119	https://ftp.sra.ebi.ac.uk/vol1/run/ERR324/ERR3242784/HG01119.final.cram	https://ftp.sra.ebi.ac.uk/vol1/run/ERR324/ERR3242784/HG01119.final.cram.crai	CLM
HG01136	https://ftp.sra.ebi.ac.uk/vol1/run/ERR324/ERR3241834/HG01136.final.cram	https://ftp.sra.ebi.ac.uk/vol1/run/ERR324/ERR3241834/HG01136.final.cram.crai	CLM
HG01170	https://ftp.sra.ebi.ac.uk/vol1/run/ERR324/ERR3241842/HG01170.final.cram	https://ftp.sra.ebi.ac.uk/vol1/run/ERR324/ERR3241842/HG01170.final.cram.crai	PUR
HG01183	https://ftp.sra.ebi.ac.uk/vol1/run/ERR324/ERR3241849/HG01183.final.cram	https://ftp.sra.ebi.ac.uk/vol1/run/ERR324/ERR3241849/HG01183.final.cram.crai	PUR
HG01191	https://ftp.sra.ebi.ac.uk/vol1/run/ERR324/ERR3241853/HG01191.final.cram	https://ftp.sra.ebi.ac.uk/vol1/run/ERR324/ERR3241853/HG01191.final.cram.crai	PUR
HG01323	https://ftp.sra.ebi.ac.uk/vol1/run/ERR324/ERR3242756/HG01323.final.cram	https://ftp.sra.ebi.ac.uk/vol1/run/ERR324/ERR3242756/HG01323.final.cram.crai	PUR
HG01372	https://ftp.sra.ebi.ac.uk/vol1/run/ERR324/ERR3242797/HG01372.final.cram	https://ftp.sra.ebi.ac.uk/vol1/run/ERR324/ERR3242797/HG01372.final.cram.crai	CLM
HG01398	https://ftp.sra.ebi.ac.uk/vol1/run/ERR324/ERR3242781/HG01398.final.cram	https://ftp.sra.ebi.ac.uk/vol1/run/ERR324/ERR3242781/HG01398.final.cram.crai	PUR
HG01432	https://ftp.sra.ebi.ac.uk/vol1/run/ERR324/ERR3242799/HG01432.final.cram	https://ftp.sra.ebi.ac.uk/vol1/run/ERR324/ERR3242799/HG01432.final.cram.crai	CLM
HG01515	https://ftp.sra.ebi.ac.uk/vol1/run/ERR324/ERR3241926/HG01515.final.cram	https://ftp.sra.ebi.ac.uk/vol1/run/ERR324/ERR3241926/HG01515.final.cram.crai	IBS
HG01525	https://ftp.sra.ebi.ac.uk/vol1/run/ERR324/ERR3241933/HG01525.final.cram	https://ftp.sra.ebi.ac.uk/vol1/run/ERR324/ERR3241933/HG01525.final.cram.crai	IBS
HG01565	https://ftp.sra.ebi.ac.uk/vol1/run/ERR324/ERR3241984/HG01565.final.cram	https://ftp.sra.ebi.ac.uk/vol1/run/ERR324/ERR3241984/HG01565.final.cram.crai	PEL
HG01596	https://ftp.sra.ebi.ac.uk/vol1/run/ERR324/ERR3242063/HG01596.final.cram	https://ftp.sra.ebi.ac.uk/vol1/run/ERR324/ERR3242063/HG01596.final.cram.crai	KHV
HG01599	https://ftp.sra.ebi.ac.uk/vol1/run/ERR324/ERR3242066/HG01599.final.cram	https://ftp.sra.ebi.ac.uk/vol1/run/ERR324/ERR3242066/HG01599.final.cram.crai	KHV
HG01615	https://ftp.sra.ebi.ac.uk/vol1/run/ERR324/ERR3241951/HG01615.final.cram	https://ftp.sra.ebi.ac.uk/vol1/run/ERR324/ERR3241951/HG01615.final.cram.crai	IBS
HG01624	https://ftp.sra.ebi.ac.uk/vol1/run/ERR324/ERR3241957/HG01624.final.cram	https://ftp.sra.ebi.ac.uk/vol1/run/ERR324/ERR3241957/HG01624.final.cram.crai	IBS
HG01676	https://ftp.sra.ebi.ac.uk/vol1/run/ERR324/ERR3241970/HG01676.final.cram	https://ftp.sra.ebi.ac.uk/vol1/run/ERR324/ERR3241970/HG01676.final.cram.crai	IBS
HG01700	https://ftp.sra.ebi.ac.uk/vol1/run/ERR324/ERR3241978/HG01700.final.cram	https://ftp.sra.ebi.ac.uk/vol1/run/ERR324/ERR3241978/HG01700.final.cram.crai	IBS
HG01855	https://ftp.sra.ebi.ac.uk/vol1/run/ERR324/ERR3242081/HG01855.final.cram	https://ftp.sra.ebi.ac.uk/vol1/run/ERR324/ERR3242081/HG01855.final.cram.crai	KHV
HG01860	https://ftp.sra.ebi.ac.uk/vol1/run/ERR324/ERR3242085/HG01860.final.cram	https://ftp.sra.ebi.ac.uk/vol1/run/ERR324/ERR3242085/HG01860.final.cram.crai	KHV
HG01868	https://ftp.sra.ebi.ac.uk/vol1/run/ERR324/ERR3242093/HG01868.final.cram	https://ftp.sra.ebi.ac.uk/vol1/run/ERR324/ERR3242093/HG01868.final.cram.crai	KHV
HG01927	https://ftp.sra.ebi.ac.uk/vol1/run/ERR324/ERR3241999/HG01927.final.cram	https://ftp.sra.ebi.ac.uk/vol1/run/ERR324/ERR3241999/HG01927.final.cram.crai	PEL
HG02012	https://ftp.sra.ebi.ac.uk/vol1/run/ERR324/ERR3242223/HG02012.final.cram	https://ftp.sra.ebi.ac.uk/vol1/run/ERR324/ERR3242223/HG02012.final.cram.crai	ACB
HG02032	https://ftp.sra.ebi.ac.uk/vol1/run/ERR324/ERR3242257/HG02032.final.cram	https://ftp.sra.ebi.ac.uk/vol1/run/ERR324/ERR3242257/HG02032.final.cram.crai	KHV
HG02238	https://ftp.sra.ebi.ac.uk/vol1/run/ERR324/ERR3242255/HG02238.final.cram	https://ftp.sra.ebi.ac.uk/vol1/run/ERR324/ERR3242255/HG02238.final.cram.crai	IBS
HG02292	https://ftp.sra.ebi.ac.uk/vol1/run/ERR324/ERR3242246/HG02292.final.cram	https://ftp.sra.ebi.ac.uk/vol1/run/ERR324/ERR3242246/HG02292.final.cram.crai	PEL
HG02301	https://ftp.sra.ebi.ac.uk/vol1/run/ERR324/ERR3242201/HG02301.final.cram	https://ftp.sra.ebi.ac.uk/vol1/run/ERR324/ERR3242201/HG02301.final.cram.crai	PEL
HG02339	https://ftp.sra.ebi.ac.uk/vol1/run/ERR324/ERR3242319/HG02339.final.cram	https://ftp.sra.ebi.ac.uk/vol1/run/ERR324/ERR3242319/HG02339.final.cram.crai	ACB
HG02373	https://ftp.sra.ebi.ac.uk/vol1/run/ERR324/ERR3242214/HG02373.final.cram	https://ftp.sra.ebi.ac.uk/vol1/run/ERR324/ERR3242214/HG02373.final.cram.crai	CDX
HG02375	https://ftp.sra.ebi.ac.uk/vol1/run/ERR324/ERR3242270/HG02375.final.cram	https://ftp.sra.ebi.ac.uk/vol1/run/ERR324/ERR3242270/HG02375.final.cram.crai	CDX
HG02402	https://ftp.sra.ebi.ac.uk/vol1/run/ERR324/ERR3242286/HG02402.final.cram	https://ftp.sra.ebi.ac.uk/vol1/run/ERR324/ERR3242286/HG02402.final.cram.crai	CDX
HG02445	https://ftp.sra.ebi.ac.uk/vol1/run/ERR324/ERR3242327/HG02445.final.cram	https://ftp.sra.ebi.ac.uk/vol1/run/ERR324/ERR3242327/HG02445.final.cram.crai	ACB
HG02546	https://ftp.sra.ebi.ac.uk/vol1/run/ERR324/ERR3242742/HG02546.final.cram	https://ftp.sra.ebi.ac.uk/vol1/run/ERR324/ERR3242742/HG02546.final.cram.crai	ACB
HG02573	https://ftp.sra.ebi.ac.uk/vol1/run/ERR324/ERR3242365/HG02573.final.cram	https://ftp.sra.ebi.ac.uk/vol1/run/ERR324/ERR3242365/HG02573.final.cram.crai	GWD
HG02661	https://ftp.sra.ebi.ac.uk/vol1/run/ERR324/ERR3242408/HG02661.final.cram	https://ftp.sra.ebi.ac.uk/vol1/run/ERR324/ERR3242408/HG02661.final.cram.crai	PJL
HG02715	https://ftp.sra.ebi.ac.uk/vol1/run/ERR324/ERR3242421/HG02715.final.cram	https://ftp.sra.ebi.ac.uk/vol1/run/ERR324/ERR3242421/HG02715.final.cram.crai	GWD
HG02734	https://ftp.sra.ebi.ac.uk/vol1/run/ERR324/ERR3242416/HG02734.final.cram	https://ftp.sra.ebi.ac.uk/vol1/run/ERR324/ERR3242416/HG02734.final.cram.crai	PJL
HG03074	https://ftp.sra.ebi.ac.uk/vol1/run/ERR324/ERR3242956/HG03074.final.cram	https://ftp.sra.ebi.ac.uk/vol1/run/ERR324/ERR3242956/HG03074.final.cram.crai	MSL
HG03103	https://ftp.sra.ebi.ac.uk/vol1/run/ERR324/ERR3242977/HG03103.final.cram	https://ftp.sra.ebi.ac.uk/vol1/run/ERR324/ERR3242977/HG03103.final.cram.crai	ESN
HG03108	https://ftp.sra.ebi.ac.uk/vol1/run/ERR324/ERR3242490/HG03108.final.cram	https://ftp.sra.ebi.ac.uk/vol1/run/ERR324/ERR3242490/HG03108.final.cram.crai	ESN
HG03166	https://ftp.sra.ebi.ac.uk/vol1/run/ERR324/ERR3242985/HG03166.final.cram	https://ftp.sra.ebi.ac.uk/vol1/run/ERR324/ERR3242985/HG03166.final.cram.crai	ESN
HG03298	https://ftp.sra.ebi.ac.uk/vol1/run/ERR324/ERR3242993/HG03298.final.cram	https://ftp.sra.ebi.ac.uk/vol1/run/ERR324/ERR3242993/HG03298.final.cram.crai	ESN
HG03382	https://ftp.sra.ebi.ac.uk/vol1/run/ERR324/ERR3242966/HG03382.final.cram	https://ftp.sra.ebi.ac.uk/vol1/run/ERR324/ERR3242966/HG03382.final.cram.crai	MSL
HG03518	https://ftp.sra.ebi.ac.uk/vol1/run/ERR324/ERR3243006/HG03518.final.cram	https://ftp.sra.ebi.ac.uk/vol1/run/ERR324/ERR3243006/HG03518.final.cram.crai	ESN
HG03548	https://ftp.sra.ebi.ac.uk/vol1/run/ERR324/ERR3242571/HG03548.final.cram	https://ftp.sra.ebi.ac.uk/vol1/run/ERR324/ERR3242571/HG03548.final.cram.crai	MSL
HG03616	https://ftp.sra.ebi.ac.uk/vol1/run/ERR324/ERR3242645/HG03616.final.cram	https://ftp.sra.ebi.ac.uk/vol1/run/ERR324/ERR3242645/HG03616.final.cram.crai	BEB
HG03668	https://ftp.sra.ebi.ac.uk/vol1/run/ERR324/ERR3242635/HG03668.final.cram	https://ftp.sra.ebi.ac.uk/vol1/run/ERR324/ERR3242635/HG03668.final.cram.crai	PJL
HG03713	https://ftp.sra.ebi.ac.uk/vol1/run/ERR324/ERR3242698/HG03713.final.cram	https://ftp.sra.ebi.ac.uk/vol1/run/ERR324/ERR3242698/HG03713.final.cram.crai	ITU
HG03833	https://ftp.sra.ebi.ac.uk/vol1/run/ERR324/ERR3242658/HG03833.final.cram	https://ftp.sra.ebi.ac.uk/vol1/run/ERR324/ERR3242658/HG03833.final.cram.crai	BEB
HG03854	https://ftp.sra.ebi.ac.uk/vol1/run/ERR324/ERR3243093/HG03854.final.cram	https://ftp.sra.ebi.ac.uk/vol1/run/ERR324/ERR3243093/HG03854.final.cram.crai	STU
HG03864	https://ftp.sra.ebi.ac.uk/vol1/run/ERR324/ERR3242719/HG03864.final.cram	https://ftp.sra.ebi.ac.uk/vol1/run/ERR324/ERR3242719/HG03864.final.cram.crai	ITU
HG03986	https://ftp.sra.ebi.ac.uk/vol1/run/ERR324/ERR3242693/HG03986.final.cram	https://ftp.sra.ebi.ac.uk/vol1/run/ERR324/ERR3242693/HG03986.final.cram.crai	STU
HG04006	https://ftp.sra.ebi.ac.uk/vol1/run/ERR324/ERR3242687/HG04006.final.cram	https://ftp.sra.ebi.ac.uk/vol1/run/ERR324/ERR3242687/HG04006.final.cram.crai	STU
HG04093	https://ftp.sra.ebi.ac.uk/vol1/run/ERR324/ERR3242938/HG04093.final.cram	https://ftp.sra.ebi.ac.uk/vol1/run/ERR324/ERR3242938/HG04093.final.cram.crai	ITU
HG04153	https://ftp.sra.ebi.ac.uk/vol1/run/ERR324/ERR3243078/HG04153.final.cram	https://ftp.sra.ebi.ac.uk/vol1/run/ERR324/ERR3243078/HG04153.final.cram.crai	BEB
HG04239	https://ftp.sra.ebi.ac.uk/vol1/run/ERR324/ERR3243140/HG04239.final.cram	https://ftp.sra.ebi.ac.uk/vol1/run/ERR324/ERR3243140/HG04239.final.cram.crai	ITU
NA11843	https://ftp.sra.ebi.ac.uk/vol1/run/ERR323/ERR3239460/NA11843.final.cram	https://ftp.sra.ebi.ac.uk/vol1/run/ERR323/ERR3239460/NA11843.final.cram.crai	CEU
NA12046	https://ftp.sra.ebi.ac.uk/vol1/run/ERR323/ERR3239645/NA12046.final.cram	https://ftp.sra.ebi.ac.uk/vol1/run/ERR323/ERR3239645/NA12046.final.cram.crai	CEU
NA12283	https://ftp.sra.ebi.ac.uk/vol1/run/ERR323/ERR3239469/NA12283.final.cram	https://ftp.sra.ebi.ac.uk/vol1/run/ERR323/ERR3239469/NA12283.final.cram.crai	CEU
NA12383	https://ftp.sra.ebi.ac.uk/vol1/run/ERR323/ERR3239476/NA12383.final.cram	https://ftp.sra.ebi.ac.uk/vol1/run/ERR323/ERR3239476/NA12383.final.cram.crai	CEU
NA12815	https://ftp.sra.ebi.ac.uk/vol1/run/ERR323/ERR3239329/NA12815.final.cram	https://ftp.sra.ebi.ac.uk/vol1/run/ERR323/ERR3239329/NA12815.final.cram.crai	CEU
NA18519	https://ftp.sra.ebi.ac.uk/vol1/run/ERR323/ERR3239349/NA18519.final.cram	https://ftp.sra.ebi.ac.uk/vol1/run/ERR323/ERR3239349/NA18519.final.cram.crai	YRI
NA18547	https://ftp.sra.ebi.ac.uk/vol1/run/ERR323/ERR3239358/NA18547.final.cram	https://ftp.sra.ebi.ac.uk/vol1/run/ERR323/ERR3239358/NA18547.final.cram.crai	CHB
NA18610	https://ftp.sra.ebi.ac.uk/vol1/run/ERR323/ERR3239508/NA18610.final.cram	https://ftp.sra.ebi.ac.uk/vol1/run/ERR323/ERR3239508/NA18610.final.cram.crai	CHB
NA18748	https://ftp.sra.ebi.ac.uk/vol1/run/ERR323/ERR3239544/NA18748.final.cram	https://ftp.sra.ebi.ac.uk/vol1/run/ERR323/ERR3239544/NA18748.final.cram.crai	CHB
NA18917	https://ftp.sra.ebi.ac.uk/vol1/run/ERR323/ERR3239552/NA18917.final.cram	https://ftp.sra.ebi.ac.uk/vol1/run/ERR323/ERR3239552/NA18917.final.cram.crai	YRI
NA18942	https://ftp.sra.ebi.ac.uk/vol1/run/ERR323/ERR3239393/NA18942.final.cram	https://ftp.sra.ebi.ac.uk/vol1/run/ERR323/ERR3239393/NA18942.final.cram.crai	JPT
NA18953	https://ftp.sra.ebi.ac.uk/vol1/run/ERR323/ERR3239402/NA18953.final.cram	https://ftp.sra.ebi.ac.uk/vol1/run/ERR323/ERR3239402/NA18953.final.cram.crai	JPT
NA18964	https://ftp.sra.ebi.ac.uk/vol1/run/ERR323/ERR3239407/NA18964.final.cram	https://ftp.sra.ebi.ac.uk/vol1/run/ERR323/ERR3239407/NA18964.final.cram.crai	JPT
NA18965	https://ftp.sra.ebi.ac.uk/vol1/run/ERR323/ERR3239408/NA18965.final.cram	https://ftp.sra.ebi.ac.uk/vol1/run/ERR323/ERR3239408/NA18965.final.cram.crai	JPT
NA18977	https://ftp.sra.ebi.ac.uk/vol1/run/ERR323/ERR3239565/NA18977.final.cram	https://ftp.sra.ebi.ac.uk/vol1/run/ERR323/ERR3239565/NA18977.final.cram.crai	JPT
NA19065	https://ftp.sra.ebi.ac.uk/vol1/run/ERR323/ERR3239596/NA19065.final.cram	https://ftp.sra.ebi.ac.uk/vol1/run/ERR323/ERR3239596/NA19065.final.cram.crai	JPT
NA19397	https://ftp.sra.ebi.ac.uk/vol1/run/ERR323/ERR3239747/NA19397.final.cram	https://ftp.sra.ebi.ac.uk/vol1/run/ERR323/ERR3239747/NA19397.final.cram.crai	LWK
NA19403	https://ftp.sra.ebi.ac.uk/vol1/run/ERR323/ERR3239750/NA19403.final.cram	https://ftp.sra.ebi.ac.uk/vol1/run/ERR323/ERR3239750/NA19403.final.cram.crai	LWK
NA19669	https://ftp.sra.ebi.ac.uk/vol1/run/ERR323/ERR3239905/NA19669.final.cram	https://ftp.sra.ebi.ac.uk/vol1/run/ERR323/ERR3239905/NA19669.final.cram.crai	MXL
NA19678	https://ftp.sra.ebi.ac.uk/vol1/run/ERR323/ERR3239908/NA19678.final.cram	https://ftp.sra.ebi.ac.uk/vol1/run/ERR323/ERR3239908/NA19678.final.cram.crai	MXL
NA20299	https://ftp.sra.ebi.ac.uk/vol1/run/ERR323/ERR3239985/NA20299.final.cram	https://ftp.sra.ebi.ac.uk/vol1/run/ERR323/ERR3239985/NA20299.final.cram.crai	ASW
NA20412	https://ftp.sra.ebi.ac.uk/vol1/run/ERR324/ERR3240101/NA20412.final.cram	https://ftp.sra.ebi.ac.uk/vol1/run/ERR324/ERR3240101/NA20412.final.cram.crai	ASW
NA20507	https://ftp.sra.ebi.ac.uk/vol1/run/ERR323/ERR3239790/NA20507.final.cram	https://ftp.sra.ebi.ac.uk/vol1/run/ERR323/ERR3239790/NA20507.final.cram.crai	TSI
NA20509	https://ftp.sra.ebi.ac.uk/vol1/run/ERR323/ERR3239792/NA20509.final.cram	https://ftp.sra.ebi.ac.uk/vol1/run/ERR323/ERR3239792/NA20509.final.cram.crai	TSI
NA20510	https://ftp.sra.ebi.ac.uk/vol1/run/ERR323/ERR3239793/NA20510.final.cram	https://ftp.sra.ebi.ac.uk/vol1/run/ERR323/ERR3239793/NA20510.final.cram.crai	TSI
NA20530	https://ftp.sra.ebi.ac.uk/vol1/run/ERR323/ERR3239811/NA20530.final.cram	https://ftp.sra.ebi.ac.uk/vol1/run/ERR323/ERR3239811/NA20530.final.cram.crai	TSI
NA20785	https://ftp.sra.ebi.ac.uk/vol1/run/ERR323/ERR3239858/NA20785.final.cram	https://ftp.sra.ebi.ac.uk/vol1/run/ERR323/ERR3239858/NA20785.final.cram.crai	TSI
NA20786	https://ftp.sra.ebi.ac.uk/vol1/run/ERR323/ERR3239859/NA20786.final.cram	https://ftp.sra.ebi.ac.uk/vol1/run/ERR323/ERR3239859/NA20786.final.cram.crai	TSI
NA20814	https://ftp.sra.ebi.ac.uk/vol1/run/ERR323/ERR3239882/NA20814.final.cram	https://ftp.sra.ebi.ac.uk/vol1/run/ERR323/ERR3239882/NA20814.final.cram.crai	TSI
NA20849	https://ftp.sra.ebi.ac.uk/vol1/run/ERR324/ERR3240000/NA20849.final.cram	https://ftp.sra.ebi.ac.uk/vol1/run/ERR324/ERR3240000/NA20849.final.cram.crai	GIH
NA20881	https://ftp.sra.ebi.ac.uk/vol1/run/ERR324/ERR3240020/NA20881.final.cram	https://ftp.sra.ebi.ac.uk/vol1/run/ERR324/ERR3240020/NA20881.final.cram.crai	GIH
NA20882	https://ftp.sra.ebi.ac.uk/vol1/run/ERR324/ERR3240021/NA20882.final.cram	https://ftp.sra.ebi.ac.uk/vol1/run/ERR324/ERR3240021/NA20882.final.cram.crai	GIH
NA20885	https://ftp.sra.ebi.ac.uk/vol1/run/ERR324/ERR3240023/NA20885.final.cram	https://ftp.sra.ebi.ac.uk/vol1/run/ERR324/ERR3240023/NA20885.final.cram.crai	GIH
NA20892	https://ftp.sra.ebi.ac.uk/vol1/run/ERR324/ERR3240030/NA20892.final.cram	https://ftp.sra.ebi.ac.uk/vol1/run/ERR324/ERR3240030/NA20892.final.cram.crai	GIH
NA21101	https://ftp.sra.ebi.ac.uk/vol1/run/ERR324/ERR3240056/NA21101.final.cram	https://ftp.sra.ebi.ac.uk/vol1/run/ERR324/ERR3240056/NA21101.final.cram.crai	GIH
NA21142	https://ftp.sra.ebi.ac.uk/vol1/run/ERR324/ERR3240085/NA21142.final.cram	https://ftp.sra.ebi.ac.uk/vol1/run/ERR324/ERR3240085/NA21142.final.cram.crai	GIH
