sample_id	cram	crai	population
HG00108	https://ftp.sra.ebi.ac.uk/vol1/run/ERR324/ERR3240124/HG00108.final.cram	https://ftp.sra.ebi.ac.uk/vol1/run/ERR324/ERR3240124/HG00108.final.cram.crai	GBR
HG00142	https://ftp.sra.ebi.ac.uk/vol1/run/ERR324/ERR3240148/HG00142.final.cram	https://ftp.sra.ebi.ac.uk/vol1/run/ERR324/ERR3240148/HG00142.final.cram.crai	GBR
HG00178	https://ftp.sra.ebi.ac.uk/vol1/run/ERR324/ERR3240165/HG00178.final.cram	https://ftp.sra.ebi.ac.uk/vol1/run/ERR324/ERR3240165/HG00178.final.cram.crai	FIN
HG00233	https://ftp.sra.ebi.ac.uk/vol1/run/ERR324/ERR3240177/HG00233.final.cram	https://ftp.sra.ebi.ac.uk/vol1/run/ERR324/ERR3240177/HG00233.final.cram.crai	GBR
HG00250	https://ftp.sra.ebi.ac.uk/vol1/run/ERR324/ERR3241781/HG00250.final.cram	https://ftp.sra.ebi.ac.uk/vol1/run/ERR324/ERR3241781/HG00250.final.cram.crai	GBR
HG00335	https://ftp.sra.ebi.ac.uk/vol1/run/ERR324/ERR3240243/HG00335.final.cram	https://ftp.sra.ebi.ac.uk/vol1/run/ERR324/ERR3240243/HG00335.final.cram.crai	FIN
HG00379	https://ftp.sra.ebi.ac.uk/vol1/run/ERR324/ERR3241660/HG00379.final.cram	https://ftp.sra.ebi.ac.uk/vol1/run/ERR324/ERR3241660/HG00379.final.cram.crai	FIN
HG00383	https://ftp.sra.ebi.ac.uk/vol1/run/ERR324/ERR3241803/HG00383.final.cram	https://ftp.sra.ebi.ac.uk/vol1/run/ERR324/ERR3241803/HG00383.final.cram.crai	FIN
HG00542	https://ftp.sra.ebi.ac.uk/vol1/run/ERR324/ERR3241693/HG00542.final.cram	https://ftp.sra.ebi.ac.uk/vol1/run/ERR324/ERR3241693/HG00542.final.cram.crai	CHS
HG00650	https://ftp.sra.ebi.ac.uk/vol1/run/ERR324/ERR3241730/HG00650.final.cram	https://ftp.sra.ebi.ac.uk/vol1/run/ERR324/ERR3241730/HG00650.final.cram.crai	CHS
HG00657	https://ftp.sra.ebi.ac.uk/vol1/run/ERR324/ERR3241735/HG00657.final.cram	https://ftp.sra.ebi.ac.uk/vol1/run/ERR324/ERR3241735/HG00657.final.cram.crai	CHS
HG00684	https://ftp.sra.ebi.ac.uk/vol1/run/ERR324/ERR3241741/HG00684.final.cram	https://ftp.sra.ebi.ac.uk/vol1/run/ERR324/ERR3241741/HG00684.final.cram.crai	CHS
HG00707	https://ftp.sra.ebi.ac.uk/vol1/run/ERR324/ERR3241751/HG00707.final.cram	https://ftp.sra.ebi.ac.uk/vol1/run/ERR324/ERR3241751/HG00707.final.cram.crai	CHS
HG00732	https://ftp.sra.ebi.ac.uk/vol1/run/ERR324/ERR3241755/HG00732.final.cram	https://ftp.sra.ebi.ac.uk/vol1/run/ERR324/ERR3241755/HG00732.final.cram.crai	PUR
HG00736	https://ftp.sra.ebi.ac.uk/vol1/run/ERR324/ERR3241756/HG00736.final.cram	https://ftp.sra.ebi.ac.uk/vol1/run/ERR324/ERR3241756/HG00736.final.cram.crai	PUR
HG00881	https://ftp.sra.ebi.ac.uk/vol1/run/ERR324/ERR3242135/HG00881.final.cram	https://ftp.sra.ebi.ac.uk/vol1/run/ERR324/ERR3242135/HG00881.final.cram.crai	CDX
HG01365	https://ftp.sra.ebi.ac.uk/vol1/run/ERR324/ERR3241892/HG01365.final.cram	https://ftp.sra.ebi.ac.uk/vol1/run/ERR324/ERR3241892/HG01365.final.cram.crai	CLM
HG01383	https://ftp.sra.ebi.ac.uk/vol1/run/ERR324/ERR3241882/HG01383.final.cram	https://ftp.sra.ebi.ac.uk/vol1/run/ERR324/ERR3241882/HG01383.final.cram.crai	CLM
HG01396	https://ftp.sra.ebi.ac.uk/vol1/run/ERR324/ERR3242762/HG01396.final.cram	https://ftp.sra.ebi.ac.uk/vol1/run/ERR324/ERR3242762/HG01396.final.cram.crai	PUR
HG01441	https://ftp.sra.ebi.ac.uk/vol1/run/ERR324/ERR3241901/HG01441.final.cram	https://ftp.sra.ebi.ac.uk/vol1/run/ERR324/ERR3241901/HG01441.final.cram.crai	CLM
HG01443	https://ftp.sra.ebi.ac.uk/vol1/run/ERR324/ERR3242801/HG01443.final.cram	https://ftp.sra.ebi.ac.uk/vol1/run/ERR324/ERR3242801/HG01443.final.cram.crai	CLM
HG01491	https://ftp.sra.ebi.ac.uk/vol1/run/ERR324/ERR3241910/HG01491.final.cram	https://ftp.sra.ebi.ac.uk/vol1/run/ERR324/ERR3241910/HG01491.final.cram.crai	CLM
HG01572	https://ftp.sra.ebi.ac.uk/vol1/run/ERR324/ERR3241987/HG01572.final.cram	https://ftp.sra.ebi.ac.uk/vol1/run/ERR324/ERR3241987/HG01572.final.cram.crai	PEL
HG01773	https://ftp.sra.ebi.ac.uk/vol1/run/ERR324/ERR3242123/HG01773.final.cram	https://ftp.sra.ebi.ac.uk/vol1/run/ERR324/ERR3242123/HG01773.final.cram.crai	IBS
HG01776	https://ftp.sra.ebi.ac.uk/vol1/run/ERR324/ERR3242125/HG01776.final.cram	https://ftp.sra.ebi.ac.uk/vol1/run/ERR324/ERR3242125/HG01776.final.cram.crai	IBS
HG01865	https://ftp.sra.ebi.ac.uk/vol1/run/ERR324/ERR3242090/HG01865.final.cram	https://ftp.sra.ebi.ac.uk/vol1/run/ERR324/ERR3242090/HG01865.final.cram.crai	KHV
HG01947	https://ftp.sra.ebi.ac.uk/vol1/run/ERR324/ERR3242010/HG01947.final.cram	https://ftp.sra.ebi.ac.uk/vol1/run/ERR324/ERR3242010/HG01947.final.cram.crai	PEL
HG01982	https://ftp.sra.ebi.ac.uk/vol1/run/ERR324/ERR3242236/HG01982.final.cram	https://ftp.sra.ebi.ac.uk/vol1/run/ERR324/ERR3242236/HG01982.final.cram.crai	PEL
HG02047	https://ftp.sra.ebi.ac.uk/vol1/run/ERR324/ERR3242343/HG02047.final.cram	https://ftp.sra.ebi.ac.uk/vol1/run/ERR324/ERR3242343/HG02047.final.cram.crai	KHV
HG02075	https://ftp.sra.ebi.ac.uk/vol1/run/ERR324/ERR3242052/HG02075.final.cram	https://ftp.sra.ebi.ac.uk/vol1/run/ERR324/ERR3242052/HG02075.final.cram.crai	KHV
HG02082	https://ftp.sra.ebi.ac.uk/vol1/run/ERR324/ERR3242055/HG02082.final.cram	https://ftp.sra.ebi.ac.uk/vol1/run/ERR324/ERR3242055/HG02082.final.cram.crai	KHV
HG02089	https://ftp.sra.ebi.ac.uk/vol1/run/ERR324/ERR3242033/HG02089.final.cram	https://ftp.sra.ebi.ac.uk/vol1/run/ERR324/ERR3242033/HG02089.final.cram.crai	PEL
HG02317	https://ftp.sra.ebi.ac.uk/vol1/run/ERR324/ERR3242232/HG02317.final.cram	https://ftp.sra.ebi.ac.uk/vol1/run/ERR324/ERR3242232/HG02317.final.cram.crai	ACB
HG02382	https://ftp.sra.ebi.ac.uk/vol1/run/ERR324/ERR3242273/HG02382.final.cram	https://ftp.sra.ebi.ac.uk/vol1/run/ERR324/ERR3242273/HG02382.final.cram.crai	CDX
HG02586	https://ftp.sra.ebi.ac.uk/vol1/run/ERR324/ERR3242370/HG02586.final.cram	https://ftp.sra.ebi.ac.uk/vol1/run/ERR324/ERR3242370/HG02586.final.cram.crai	GWD
HG02676	https://ftp.sra.ebi.ac.uk/vol1/run/ERR324/ERR3242390/HG02676.final.cram	https://ftp.sra.ebi.ac.uk/vol1/run/ERR324/ERR3242390/HG02676.final.cram.crai	GWD
HG02684	https://ftp.sra.ebi.ac.uk/vol1/run/ERR324/ERR3242409/HG02684.final.cram	https://ftp.sra.ebi.ac.uk/vol1/run/ERR324/ERR3242409/HG02684.final.cram.crai	PJL
HG02690	https://ftp.sra.ebi.ac.uk/vol1/run/ERR324/ERR3243017/HG02690.final.cram	https://ftp.sra.ebi.ac.uk/vol1/run/ERR324/ERR3243017/HG02690.final.cram.crai	PJL
HG02805	https://ftp.sra.ebi.ac.uk/vol1/run/ERR324/ERR3242430/HG02805.final.cram	https://ftp.sra.ebi.ac.uk/vol1/run/ERR324/ERR3242430/HG02805.final.cram.crai	GWD
HG02855	https://ftp.sra.ebi.ac.uk/vol1/run/ERR324/ERR3242534/HG02855.final.cram	https://ftp.sra.ebi.ac.uk/vol1/run/ERR324/ERR3242534/HG02855.final.cram.crai	GWD
HG02882	https://ftp.sra.ebi.ac.uk/vol1/run/ERR324/ERR3242948/HG02882.final.cram	https://ftp.sra.ebi.ac.uk/vol1/run/ERR324/ERR3242948/HG02882.final.cram.crai	GWD
HG02971	https://ftp.sra.ebi.ac.uk/vol1/run/ERR324/ERR3242602/HG02971.final.cram	https://ftp.sra.ebi.ac.uk/vol1/run/ERR324/ERR3242602/HG02971.final.cram.crai	ESN
HG03007	https://ftp.sra.ebi.ac.uk/vol1/run/ERR324/ERR3242643/HG03007.final.cram	https://ftp.sra.ebi.ac.uk/vol1/run/ERR324/ERR3242643/HG03007.final.cram.crai	BEB
HG03045	https://ftp.sra.ebi.ac.uk/vol1/run/ERR324/ERR3242449/HG03045.final.cram	https://ftp.sra.ebi.ac.uk/vol1/run/ERR324/ERR3242449/HG03045.final.cram.crai	GWD
HG03057	https://ftp.sra.ebi.ac.uk/vol1/run/ERR324/ERR3242468/HG03057.final.cram	https://ftp.sra.ebi.ac.uk/vol1/run/ERR324/ERR3242468/HG03057.final.cram.crai	MSL
HG03061	https://ftp.sra.ebi.ac.uk/vol1/run/ERR324/ERR3242548/HG03061.final.cram	https://ftp.sra.ebi.ac.uk/vol1/run/ERR324/ERR3242548/HG03061.final.cram.crai	MSL
HG03073	https://ftp.sra.ebi.ac.uk/vol1/run/ERR324/ERR3242955/HG03073.final.cram	https://ftp.sra.ebi.ac.uk/vol1/run/ERR324/ERR3242955/HG03073.final.cram.crai	MSL
HG03082	https://ftp.sra.ebi.ac.uk/vol1/run/ERR324/ERR3242959/HG03082.final.cram	https://ftp.sra.ebi.ac.uk/vol1/run/ERR324/ERR3242959/HG03082.final.cram.crai	MSL
HG03096	https://ftp.sra.ebi.ac.uk/vol1/run/ERR324/ERR3242473/HG03096.final.cram	https://ftp.sra.ebi.ac.uk/vol1/run/ERR324/ERR3242473/HG03096.final.cram.crai	MSL
HG03135	https://ftp.sra.ebi.ac.uk/vol1/run/ERR324/ERR3242500/HG03135.final.cram	https://ftp.sra.ebi.ac.uk/vol1/run/ERR324/ERR3242500/HG03135.final.cram.crai	ESN
HG03159	https://ftp.sra.ebi.ac.uk/vol1/run/ERR324/ERR3242613/HG03159.final.cram	https://ftp.sra.ebi.ac.uk/vol1/run/ERR324/ERR3242613/HG03159.final.cram.crai	ESN
HG03235	https://ftp.sra.ebi.ac.uk/vol1/run/ERR324/ERR3242628/HG03235.final.cram	https://ftp.sra.ebi.ac.uk/vol1/run/ERR324/ERR3242628/HG03235.final.cram.crai	PJL
HG03342	https://ftp.sra.ebi.ac.uk/vol1/run/ERR324/ERR3242624/HG03342.final.cram	https://ftp.sra.ebi.ac.uk/vol1/run/ERR324/ERR3242624/HG03342.final.cram.crai	ESN
HG03367	https://ftp.sra.ebi.ac.uk/vol1/run/ERR324/ERR3242598/HG03367.final.cram	https://ftp.sra.ebi.ac.uk/vol1/run/ERR324/ERR3242598/HG03367.final.cram.crai	ESN
HG03385	https://ftp.sra.ebi.ac.uk/vol1/run/ERR324/ERR3242544/HG03385.final.cram	https://ftp.sra.ebi.ac.uk/vol1/run/ERR324/ERR3242544/HG03385.final.cram.crai	MSL
HG03432	https://ftp.sra.ebi.ac.uk/vol1/run/ERR324/ERR3242968/HG03432.final.cram	https://ftp.sra.ebi.ac.uk/vol1/run/ERR324/ERR3242968/HG03432.final.cram.crai	MSL
HG03445	https://ftp.sra.ebi.ac.uk/vol1/run/ERR324/ERR3242553/HG03445.final.cram	https://ftp.sra.ebi.ac.uk/vol1/run/ERR324/ERR3242553/HG03445.final.cram.crai	MSL
HG03571	https://ftp.sra.ebi.ac.uk/vol1/run/ERR324/ERR3242579/HG03571.final.cram	https://ftp.sra.ebi.ac.uk/vol1/run/ERR324/ERR3242579/HG03571.final.cram.crai	MSL
HG03716	https://ftp.sra.ebi.ac.uk/vol1/run/ERR324/ERR3242699/HG03716.final.cram	https://ftp.sra.ebi.ac.uk/vol1/run/ERR324/ERR3242699/HG03716.final.cram.crai	ITU
HG03773	https://ftp.sra.ebi.ac.uk/vol1/run/ERR324/ERR3242712/HG03773.final.cram	https://ftp.sra.ebi.ac.uk/vol1/run/ERR324/ERR3242712/HG03773.final.cram.crai	ITU
HG03898	https://ftp.sra.ebi.ac.uk/vol1/run/ERR324/ERR3242695/HG03898.final.cram	https://ftp.sra.ebi.ac.uk/vol1/run/ERR324/ERR3242695/HG03898.final.cram.crai	STU
HG03911	https://ftp.sra.ebi.ac.uk/vol1/run/ERR324/ERR3242848/HG03911.final.cram	https://ftp.sra.ebi.ac.uk/vol1/run/ERR324/ERR3242848/HG03911.final.cram.crai	BEB
HG03998	https://ftp.sra.ebi.ac.uk/vol1/run/ERR324/ERR3243105/HG03998.final.cram	https://ftp.sra.ebi.ac.uk/vol1/run/ERR324/ERR3243105/HG03998.final.cram.crai	STU
HG04018	https://ftp.sra.ebi.ac.uk/vol1/run/ERR324/ERR3242913/HG04018.final.cram	https://ftp.sra.ebi.ac.uk/vol1/run/ERR324/ERR3242913/HG04018.final.cram.crai	ITU
HG04182	https://ftp.sra.ebi.ac.uk/vol1/run/ERR324/ERR3243065/HG04182.final.cram	https://ftp.sra.ebi.ac.uk/vol1/run/ERR324/ERR3243065/HG04182.final.cram.crai	BEB
NA11894	https://ftp.sra.ebi.ac.uk/vol1/run/ERR323/ERR3239292/NA11894.final.cram	https://ftp.sra.ebi.ac.uk/vol1/run/ERR323/ERR3239292/NA11894.final.cram.crai	CEU
NA11931	https://ftp.sra.ebi.ac.uk/vol1/run/ERR323/ERR3239296/NA11931.final.cram	https://ftp.sra.ebi.ac.uk/vol1/run/ERR323/ERR3239296/NA11931.final.cram.crai	CEU
NA12348	https://ftp.sra.ebi.ac.uk/vol1/run/ERR323/ERR3239475/NA12348.final.cram	https://ftp.sra.ebi.ac.uk/vol1/run/ERR323/ERR3239475/NA12348.final.cram.crai	CEU
NA18499	https://ftp.sra.ebi.ac.uk/vol1/run/ERR323/ERR3239338/NA18499.final.cram	https://ftp.sra.ebi.ac.uk/vol1/run/ERR323/ERR3239338/NA18499.final.cram.crai	YRI
NA18525	https://ftp.sra.ebi.ac.uk/vol1/run/ERR323/ERR3239646/NA18525.final.cram	https://ftp.sra.ebi.ac.uk/vol1/run/ERR323/ERR3239646/NA18525.final.cram.crai	CHB
NA18531	https://ftp.sra.ebi.ac.uk/vol1/run/ERR323/ERR3239648/NA18531.final.cram	https://ftp.sra.ebi.ac.uk/vol1/run/ERR323/ERR3239648/NA18531.final.cram.crai	CHB
NA18532	https://ftp.sra.ebi.ac.uk/vol1/run/ERR323/ERR3239354/NA18532.final.cram	https://ftp.sra.ebi.ac.uk/vol1/run/ERR323/ERR3239354/NA18532.final.cram.crai	CHB
NA18538	https://ftp.sra.ebi.ac.uk/vol1/run/ERR323/ERR3239651/NA18538.final.cram	https://ftp.sra.ebi.ac.uk/vol1/run/ERR323/ERR3239651/NA18538.final.cram.crai	CHB
NA18596	https://ftp.sra.ebi.ac.uk/vol1/run/ERR323/ERR3239503/NA18596.final.cram	https://ftp.sra.ebi.ac.uk/vol1/run/ERR323/ERR3239503/NA18596.final.cram.crai	CHB
NA18626	https://ftp.sra.ebi.ac.uk/vol1/run/ERR323/ERR3239523/NA18626.final.cram	https://ftp.sra.ebi.ac.uk/vol1/run/ERR323/ERR3239523/NA18626.final.cram.crai	CHB
NA18631	https://ftp.sra.ebi.ac.uk/vol1/run/ERR323/ERR3239527/NA18631.final.cram	https://ftp.sra.ebi.ac.uk/vol1/run/ERR323/ERR3239527/NA18631.final.cram.crai	CHB
NA18639	https://ftp.sra.ebi.ac.uk/vol1/run/ERR323/ERR3239534/NA18639.final.cram	https://ftp.sra.ebi.ac.uk/vol1/run/ERR323/ERR3239534/NA18639.final.cram.crai	CHB
NA18988	https://ftp.sra.ebi.ac.uk/vol1/run/ERR323/ERR3239678/NA18988.final.cram	https://ftp.sra.ebi.ac.uk/vol1/run/ERR323/ERR3239678/NA18988.final.cram.crai	JPT
NA18992	https://ftp.sra.ebi.ac.uk/vol1/run/ERR323/ERR3239571/NA18992.final.cram	https://ftp.sra.ebi.ac.uk/vol1/run/ERR323/ERR3239571/NA18992.final.cram.crai	JPT
NA19006	https://ftp.sra.ebi.ac.uk/vol1/run/ERR323/ERR3239681/NA19006.final.cram	https://ftp.sra.ebi.ac.uk/vol1/run/ERR323/ERR3239681/NA19006.final.cram.crai	JPT
NA19019	https://ftp.sra.ebi.ac.uk/vol1/run/ERR323/ERR3239684/NA19019.final.cram	https://ftp.sra.ebi.ac.uk/vol1/run/ERR323/ERR3239684/NA19019.final.cram.crai	LWK
NA19074	https://ftp.sra.ebi.ac.uk/vol1/run/ERR323/ERR3239602/NA19074.final.cram	https://ftp.sra.ebi.ac.uk/vol1/run/ERR323/ERR3239602/NA19074.final.cram.crai	JPT
NA19204	https://ftp.sra.ebi.ac.uk/vol1/run/ERR323/ERR3239447/NA19204.final.cram	https://ftp.sra.ebi.ac.uk/vol1/run/ERR323/ERR3239447/NA19204.final.cram.crai	YRI
NA19334	https://ftp.sra.ebi.ac.uk/vol1/run/ERR323/ERR3239723/NA19334.final.cram	https://ftp.sra.ebi.ac.uk/vol1/run/ERR323/ERR3239723/NA19334.final.cram.crai	LWK
NA19395	https://ftp.sra.ebi.ac.uk/vol1/run/ERR323/ERR3239746/NA19395.final.cram	https://ftp.sra.ebi.ac.uk/vol1/run/ERR323/ERR3239746/NA19395.final.cram.crai	LWK
NA19456	https://ftp.sra.ebi.ac.uk/vol1/run/ERR323/ERR3239772/NA19456.final.cram	https://ftp.sra.ebi.ac.uk/vol1/run/ERR323/ERR3239772/NA19456.final.cram.crai	LWK
NA19457	https://ftp.sra.ebi.ac.uk/vol1/run/ERR323/ERR3239773/NA19457.final.cram	https://ftp.sra.ebi.ac.uk/vol1/run/ERR323/ERR3239773/NA19457.final.cram.crai	LWK
NA19472	https://ftp.sra.ebi.ac.uk/vol1/run/ERR323/ERR3239781/NA19472.final.cram	https://ftp.sra.ebi.ac.uk/vol1/run/ERR323/ERR3239781/NA19472.final.cram.crai	LWK
NA19657	https://ftp.sra.ebi.ac.uk/vol1/run/ERR323/ERR3239900/NA19657.final.cram	https://ftp.sra.ebi.ac.uk/vol1/run/ERR323/ERR3239900/NA19657.final.cram.crai	MXL
NA19663	https://ftp.sra.ebi.ac.uk/vol1/run/ERR323/ERR3239903/NA19663.final.cram	https://ftp.sra.ebi.ac.uk/vol1/run/ERR323/ERR3239903/NA19663.final.cram.crai	MXL
NA19703	https://ftp.sra.ebi.ac.uk/vol1/run/ERR323/ERR3239915/NA19703.final.cram	https://ftp.sra.ebi.ac.uk/vol1/run/ERR323/ERR3239915/NA19703.final.cram.crai	ASW
NA19746	https://ftp.sra.ebi.ac.uk/vol1/run/ERR323/ERR3239933/NA19746.final.cram	https://ftp.sra.ebi.ac.uk/vol1/run/ERR323/ERR3239933/NA19746.final.cram.crai	MXL
NA19920	https://ftp.sra.ebi.ac.uk/vol1/run/ERR323/ERR3239971/NA19920.final.cram	https://ftp.sra.ebi.ac.uk/vol1/run/ERR323/ERR3239971/NA19920.final.cram.crai	ASW
NA20289	https://ftp.sra.ebi.ac.uk/vol1/run/ERR323/ERR3239981/NA20289.final.cram	https://ftp.sra.ebi.ac.uk/vol1/run/ERR323/ERR3239981/NA20289.final.cram.crai	ASW
NA20541	https://ftp.sra.ebi.ac.uk/vol1/run/ERR323/ERR3239821/NA20541.final.cram	https://ftp.sra.ebi.ac.uk/vol1/run/ERR323/ERR3239821/NA20541.final.cram.crai	TSI
NA20543	https://ftp.sra.ebi.ac.uk/vol1/run/ERR323/ERR3239823/NA20543.final.cram	https://ftp.sra.ebi.ac.uk/vol1/run/ERR323/ERR3239823/NA20543.final.cram.crai	TSI
NA20797	https://ftp.sra.ebi.ac.uk/vol1/run/ERR323/ERR3239865/NA20797.final.cram	https://ftp.sra.ebi.ac.uk/vol1/run/ERR323/ERR3239865/NA20797.final.cram.crai	TSI
NA20808	https://ftp.sra.ebi.ac.uk/vol1/run/ERR323/ERR3239876/NA20808.final.cram	https://ftp.sra.ebi.ac.uk/vol1/run/ERR323/ERR3239876/NA20808.final.cram.crai	TSI
NA20878	https://ftp.sra.ebi.ac.uk/vol1/run/ERR324/ERR3240019/NA20878.final.cram	https://ftp.sra.ebi.ac.uk/vol1/run/ERR324/ERR3240019/NA20878.final.cram.crai	GIH
NA21124	https://ftp.sra.ebi.ac.uk/vol1/run/ERR324/ERR3240111/NA21124.final.cram	https://ftp.sra.ebi.ac.uk/vol1/run/ERR324/ERR3240111/NA21124.final.cram.crai	GIH
